id,creation_time,property1,property2,property3,property4,property5,failed,time_of_death,type,participant_id,number,question,response
1,2018-01-25 12:36:03.380869,,,,,,f,,question,1,1,questionnaire,"{""engagement"":""10"",""difficulty"":""3"",""time"":""7"",""multi-confusing"":""No"",""sources_during_summary"":""yes"",""previous_knowledge"":""no"",""previous_source"":""na"",""psych_classes"":""0"",""own_research"":""no"",""age"":""27"",""gender_id"":""man"",""native_english"":""yes"",""ethnicity_race"":""white""}"
2,2018-01-25 12:46:09.13124,,,,,,f,,question,2,1,questionnaire,"{""engagement"":""5"",""difficulty"":""2"",""time"":""5"",""multi-confusing"":""no"",""sources_during_summary"":""no"",""previous_knowledge"":""no"",""psych_classes"":""0"",""own_research"":""no"",""age"":""46"",""gender_id"":""woman"",""native_english"":""yes"",""ethnicity_race"":""white""}"
3,2018-01-25 13:59:31.195095,,,,,,f,,question,4,1,questionnaire,"{""engagement"":""10"",""difficulty"":""4"",""time"":""5"",""multi-confusing"":""No."",""sources_during_summary"":""no"",""previous_knowledge"":""no"",""previous_source"":""na"",""psych_classes"":""1"",""own_research"":""no"",""age"":""43"",""gender_id"":""man"",""native_english"":""yes"",""ethnicity_race"":""white""}"
4,2018-01-25 14:05:00.229293,,,,,,f,,question,5,1,questionnaire,"{""engagement"":""9"",""difficulty"":""8"",""time"":""0"",""multi-confusing"":""no, just difficult to retail because it was pretty short and to the point information."",""sources_during_summary"":""no"",""previous_knowledge"":""yes"",""previous_source"":""other"",""psych_classes"":""0"",""own_research"":""no"",""age"":""39"",""gender_id"":""woman"",""native_english"":""yes"",""ethnicity_race"":""white""}"
