id,creation_time,property1,property2,property3,property4,property5,failed,time_of_death,type,participant_id,number,question,response
1,2018-01-25 11:43:38.755177,,,,,,f,,question,1,1,questionnaire,"{""engagement"":""10"",""difficulty"":""6"",""time"":""7"",""multi-confusing"":""no"",""sources_during_summary"":""no"",""previous_knowledge"":""no"",""previous_source"":""na"",""psych_classes"":""0"",""own_research"":""no"",""age"":""31"",""gender_id"":""man"",""native_english"":""yes"",""ethnicity_race"":""white""}"
2,2018-01-25 11:49:10.650984,,,,,,f,,question,2,1,questionnaire,"{""engagement"":""10"",""difficulty"":""4"",""time"":""0"",""multi-confusing"":""No."",""sources_during_summary"":""no"",""previous_knowledge"":""no"",""previous_source"":""na"",""psych_classes"":""1"",""own_research"":""no"",""age"":""27"",""gender_id"":""woman"",""native_english"":""yes"",""ethnicity_race"":""white""}"
3,2018-01-25 12:13:09.385085,,,,,,f,,question,4,1,questionnaire,"{""engagement"":""7"",""difficulty"":""3"",""time"":""7"",""multi-confusing"":""No, everything was clear and easy to understand."",""sources_during_summary"":""no"",""previous_knowledge"":""no"",""previous_source"":""na"",""psych_classes"":""0"",""own_research"":""no"",""age"":""26"",""gender_id"":""man"",""native_english"":""yes"",""ethnicity_race"":""white""}"
4,2018-01-25 12:16:25.59572,,,,,,f,,question,5,1,questionnaire,"{""engagement"":""5"",""difficulty"":""3"",""time"":""5"",""multi-confusing"":""no"",""sources_during_summary"":""no"",""previous_knowledge"":""no"",""psych_classes"":""0"",""own_research"":""no"",""age"":""33"",""gender_id"":""man"",""native_english"":""yes"",""ethnicity_race"":""white""}"
